Identifier,lat1,lon1,lat2,lon2,distance
1001,39.768434,-104.901872,44.779373,-63.673489,3400.357004
1002,41.909147,-72.450260,44.779373,-63.673489,777.649607
1003,51.566442,-0.113699,51.505060,-0.147532,7.215327
1004,40.673000,-73.703460,44.779373,-63.673489,936.971667
1005,52.441539,-1.480381,51.505060,-0.147532,138.483318
1006,40.386664,-74.096105,44.779373,-63.673489,982.122707
1007,40.939049,-73.830990,44.779373,-63.673489,930.624378
1008,51.511627,-0.069198,51.523791,-0.077790,1.477438
1009,51.559799,-0.076500,51.520184,-0.071013,4.421402
1010,51.440132,-0.128851,51.505060,-0.147532,7.334691
1011,51.449810,-2.001635,51.472438,-3.165064,80.640200
1012,42.428549,-71.060590,42.346997,-71.102150,9.689273
1013,47.209541,-68.572380,36.211492,-86.692496,1930.290195
1014,53.380854,-2.337888,51.472438,-3.165064,219.488744
1015,51.677766,-4.101880,51.472438,-3.165064,68.647286
1016,34.032532,-84.317740,33.793083,-84.445374,29.114188
1017,35.147900,-106.636390,45.496030,-73.569478,3003.710865
1018,44.984615,-93.271370,45.496030,-73.569478,1539.761509
1019,43.645425,-79.388418,26.010410,-80.160080,1962.164115
1020,40.407958,-74.034830,45.496030,-73.569478,567.031022
1021,25.887983,-80.332840,26.010410,-80.160080,21.992938
1022,27.741505,-82.751790,43.896889,-78.859039,1829.785715
1023,44.984615,-93.271370,43.896889,-78.859039,1149.034014
1024,26.023634,-80.189220,26.010410,-80.160080,3.262067
1025,27.979114,-82.781660,26.010410,-80.160080,339.669521
1026,26.112366,-80.376970,26.010410,-80.160080,24.451907
1027,28.076744,-82.761160,26.010410,-80.160080,345.161593
1028,26.719596,-80.220770,26.010410,-80.160080,79.089315
1029,39.669237,-104.927660,26.010410,-80.160080,2752.950655
1030,41.149245,-73.942870,26.010410,-80.160080,1777.871600
1031,45.446983,-73.456065,45.496030,-73.569478,10.390089
1032,44.984615,-93.271370,44.779373,-63.673489,2319.015238
1033,34.104555,-117.587340,26.010410,-80.160080,3690.829818
1034,28.076744,-82.761160,26.010410,-80.160080,345.161593
1035,25.734828,-80.358300,25.786326,-80.202900,16.582490
1036,45.637742,-73.801139,45.496030,-73.569478,23.948096
1037,39.469961,-77.392139,26.010410,-80.160080,1518.630085
1038,28.076744,-82.761160,26.010410,-80.160080,345.161593
1039,26.228760,-80.158160,26.010410,-80.160080,24.280136
1040,39.408627,-77.286760,26.010410,-80.160080,1513.628945
1041,45.497856,-122.769880,46.487949,-80.992291,3191.331621
1042,39.423344,-77.389020,26.010410,-80.160080,1513.584554
1043,45.261743,-93.409708,46.487949,-80.992291,969.902896
1044,26.305433,-80.182870,26.010410,-80.160080,32.883789
1045,29.573345,-95.632130,36.211492,-86.692496,1113.266436
1046,53.367943,0.003766,51.472438,-3.165064,300.947567
1047,42.532636,-88.598620,36.211492,-86.692496,721.666000
1048,45.497856,-122.769880,43.896889,-78.859039,3431.794945
1049,38.045406,-85.364270,38.160106,-85.779555,38.510579
1050,26.112366,-80.376970,26.010410,-80.160080,24.451907
1051,26.191111,-80.108460,26.010410,-80.160080,20.743624
1052,26.110631,-80.274690,26.010410,-80.160080,15.976688
1053,54.857990,-1.810814,51.505060,-0.147532,388.925644
1054,51.084539,1.191632,51.505060,-0.147532,104.193551
1055,25.665580,-80.306880,26.010410,-80.160080,41.061608
1056,28.598677,-81.355940,28.371017,-81.521952,30.067952
1057,42.332099,-71.096510,42.346997,-71.102150,1.720219
1058,53.831957,-1.131901,51.472438,-3.165064,296.021618
1059,25.723173,-80.439950,26.010410,-80.160080,42.476373
1060,42.364347,-71.104310,42.346997,-71.102150,1.937379
1061,26.242559,-80.265640,26.010410,-80.160080,27.882040
1062,30.268572,-81.739870,26.010410,-80.160080,498.159169
1063,34.002147,-84.633920,33.793083,-84.445374,29.038687
1064,45.497856,-122.769880,44.779373,-63.673489,4527.777084
1065,53.757894,-0.413613,51.505060,-0.147532,251.145966
1066,51.456756,-0.243094,51.472438,-3.165064,202.411325
1067,30.425652,-97.714190,30.267204,-97.742310,17.824013
1068,28.075060,-82.523550,27.960442,-82.460148,14.183357
1069,28.069755,-82.557340,27.960442,-82.460148,15.452299
1070,45.565440,-122.646350,45.513790,-122.645800,5.743378
1071,51.489414,-0.217294,51.505060,-0.147532,5.133038
1072,39.768434,-104.901872,49.893452,-97.143494,1279.726729
1073,27.365549,-82.486590,26.010410,-80.160080,275.905532
1074,42.527184,-92.456090,36.211492,-86.692496,858.965939
1075,45.261743,-93.409708,52.189591,-106.676529,1237.896257
1076,53.358679,-2.175034,51.505060,-0.147532,247.720927
1077,40.407958,-74.034830,52.189591,-106.676529,2796.443512
1078,34.659575,-79.062820,36.211492,-86.692496,712.230569
1079,45.059372,-93.374481,49.893452,-97.143494,607.403016
1080,40.714300,-73.555270,52.189591,-106.676529,2806.876863
1081,25.653431,-80.359990,26.010410,-80.160080,44.451604
1082,39.731237,-104.971330,49.893452,-97.143494,1286.040970
1083,51.461876,-0.224226,51.505060,-0.147532,7.159696
1084,40.714300,-73.555270,49.893452,-97.143494,2095.485424
1085,42.477142,-71.442200,42.346997,-71.102150,31.444853
1086,37.758434,-122.435120,37.792778,-122.421880,3.992237
1087,33.427135,-111.758483,36.211492,-86.692496,2302.513276
1088,26.026700,-80.294430,26.010410,-80.160080,13.546640
1089,26.023634,-80.189220,26.010410,-80.160080,3.262067
1090,51.756817,-0.583309,36.152607,-86.789270,6698.116342
1091,34.049789,-84.385390,36.152607,-86.789270,320.127590
1092,40.714300,-73.555270,46.487949,-80.992291,877.163405
1093,41.100182,-74.013300,36.152607,-86.789270,1237.001556
1094,33.687620,-117.788520,32.715329,-117.157255,123.037081
1095,30.438933,-97.803830,26.010410,-80.160080,1795.142978
1096,30.438933,-97.803830,26.010410,-80.160080,1795.142978
1097,51.523278,0.559111,51.505060,-0.147532,48.940754
1098,40.430632,-79.618370,36.152607,-86.789270,785.637782
1099,40.636286,-73.637400,36.152607,-86.789270,1248.248003
1100,47.626571,-122.232800,40.714353,-74.005973,3857.791349
1101,29.564347,-95.547620,29.753927,-95.364053,27.549913
1102,51.531469,-0.178960,51.520184,-0.071013,7.572640
1103,38.946462,-76.483580,36.152607,-86.789270,959.510521
1104,40.992084,-89.152310,36.152607,-86.789270,575.938324
1105,29.961875,-90.160370,29.938005,-90.071950,8.922838
1106,51.560018,-0.066024,51.505060,-0.147532,8.314570
1107,38.959606,-94.681890,36.152607,-86.789270,762.181412
1108,43.641774,-116.265070,43.695190,-116.350182,9.063299
1109,38.985854,-77.086547,38.917866,-77.023722,9.309473
1110,42.316852,-71.058110,42.346997,-71.102150,4.933683
1111,39.731237,-104.971330,53.570557,-113.456284,1666.793106
1112,33.387089,-82.012370,36.152607,-86.789270,533.683615
1113,45.059372,-93.374481,53.570557,-113.456284,1726.991124
1114,43.593523,-116.199030,43.695190,-116.350182,16.604948
1115,45.059372,-93.374481,51.038212,-114.051483,1667.337432
1116,40.407958,-74.034830,51.038212,-114.051483,3275.395870
1117,39.990764,-83.001170,51.472438,-3.165064,6010.902497
1118,41.775031,-88.032602,36.152607,-86.789270,634.337663
1119,40.759686,-73.733220,53.570557,-113.456284,3268.436845
1120,43.641774,-116.265070,43.695190,-116.350182,9.063299
1121,43.572671,-116.295270,43.695190,-116.350182,14.322367
1122,43.631230,-116.287160,43.695190,-116.350182,8.733882
1123,30.284511,-81.470430,26.010410,-80.160080,492.302066
1124,45.344246,-122.584640,45.513790,-122.645800,19.447172
1125,41.779384,-87.605440,41.949847,-87.658800,19.462853
1126,38.106135,-85.753620,36.152607,-86.789270,235.824006
1127,39.735745,-105.193370,39.740118,-104.975305,18.652263
1128,36.111449,-79.271420,36.152607,-86.789270,675.008018
1129,28.076744,-82.761160,53.570557,-113.456284,3778.499906
1130,28.076744,-82.761160,51.038212,-114.051483,3653.037326
1131,43.641774,-116.265070,43.695190,-116.350182,9.063299
1132,43.011823,-78.959140,36.211492,-86.692496,1004.384935
1133,40.714300,-73.555270,53.570557,-113.456284,3283.228730
1134,34.774692,-85.614832,36.152607,-86.789270,186.513939
1135,40.089905,-75.641240,36.152607,-86.789270,1067.935961
1136,45.497856,-122.769880,53.570557,-113.456284,1119.416517
1137,39.165253,-94.531580,36.211492,-86.692496,763.619597
1138,45.497856,-122.769880,51.038212,-114.051483,891.040110
1139,28.076744,-82.761160,53.570557,-113.456284,3778.499906
1140,37.975476,-87.475060,36.152607,-86.789270,211.628435
1141,41.235064,-96.050730,41.124229,-96.060486,12.351261
1142,32.856447,-117.211430,32.715329,-117.157255,16.488586
1143,51.105351,-2.463167,51.472438,-3.165064,63.627946
1144,42.107026,-83.287110,53.570557,-113.456284,2559.592910
1145,39.350319,-84.116060,36.152607,-86.789270,426.172244
1146,36.055115,-86.647820,36.152607,-86.789270,16.703550
1147,43.638314,-116.330590,43.695190,-116.350182,6.517738
1148,35.400170,-97.432490,36.152607,-86.789270,963.306386
1149,42.107026,-83.287110,51.038212,-114.051483,2529.236463
1150,40.225409,-74.659180,36.152607,-86.789270,1151.522934
1151,39.825643,-75.772440,51.038212,-114.051483,3192.084399
1152,39.435789,-76.636140,51.038212,-114.051483,3157.972751
1153,37.862526,-122.275820,37.792778,-122.421880,14.990412
1154,36.294596,-115.246850,53.570557,-113.456284,1926.006442
1155,35.921811,-86.795200,36.152607,-86.789270,25.668883
1156,28.803979,-81.287610,28.371017,-81.521952,53.303811
1157,54.810847,-4.173113,55.860870,-4.288154,116.983673
1158,25.767368,-80.189300,26.010410,-80.160080,27.182689
1159,25.784326,-80.187530,25.786326,-80.202900,1.554881
1160,25.733204,-80.411970,26.010410,-80.160080,39.815008
1161,51.529469,-0.084504,51.520184,-0.071013,1.391856
1162,41.022387,-81.877500,36.152607,-86.789270,689.280905
1163,45.266060,-93.411748,55.737835,-120.208252,2203.285928
1164,39.825643,-75.772440,49.893452,-97.143494,2011.260261
1165,45.266060,-93.411748,48.431202,-123.361465,2289.631935
1166,28.076744,-82.761160,49.031204,-122.287300,4082.894618
1167,45.247509,-93.418000,49.494083,-119.606796,2016.828160
1168,46.896821,-113.955510,43.695190,-116.350182,402.224964
1169,39.825643,-75.772440,49.031204,-122.287300,3768.489562
1170,33.768205,-84.337860,36.152607,-86.789270,346.671657
1171,45.247509,-93.418000,49.031204,-122.287300,2209.682780
1172,30.384204,-97.703920,30.267204,-97.742310,13.521491
1173,51.455479,-0.243128,51.472438,-3.165064,202.413041
1174,42.340848,-71.051909,45.496030,-73.569478,404.610013
1175,45.428663,-122.380900,49.031204,-122.287300,400.646553
1176,39.296499,-80.241990,36.211492,-86.692496,662.521269
1177,47.388461,-122.196440,48.431202,-123.361465,144.854498
1178,51.844517,1.266214,51.520184,-0.071013,98.993672
1179,38.439526,-82.693200,36.152607,-86.789270,442.580975
1180,26.579714,-80.074370,33.958337,-83.377211,879.479753
1181,39.758986,-104.966780,39.740118,-104.975305,2.221011
1182,42.009731,-87.669380,41.886456,-87.623250,14.228540
1183,38.243734,-122.693450,38.347174,-122.695370,11.503224
1184,53.213293,-2.374722,51.505060,-0.147532,242.780463
1185,43.641774,-116.265070,43.695190,-116.350182,9.063299
1186,41.098248,-85.120610,36.152607,-86.789270,568.680156
1187,36.362525,-94.233080,36.211492,-86.692496,675.900117
1188,51.492148,-0.275038,51.505060,-0.147532,8.942302
1189,38.682803,-121.223100,38.347174,-122.695370,133.417418
1190,45.514241,-122.600890,45.513790,-122.645800,3.499663
1191,47.224876,-120.992860,48.431202,-123.361465,221.924245
1192,38.243734,-122.693450,38.347174,-122.695370,11.503224
1193,51.428811,-0.121473,51.520184,-0.071013,10.744460
1194,42.516845,-70.898500,36.152607,-86.789270,1535.571327
1195,27.891151,-82.505810,36.125504,-115.164238,3195.556169
1196,33.661889,-97.380290,36.211492,-86.692496,1014.030836
1197,47.436898,-120.257420,48.431202,-123.361465,256.293020
1198,38.544860,-122.807850,38.347174,-122.695370,24.065478
1199,38.457611,-122.693170,38.347174,-122.695370,12.281530
1200,37.316983,-121.935550,38.347174,-122.695370,132.569442
1201,51.463976,-0.040977,51.520184,-0.071013,6.586819
1202,38.328614,-122.710440,38.347174,-122.695370,2.446782
1203,41.850532,-87.669900,41.949847,-87.658800,11.081470
1204,51.546149,-0.061563,51.520184,-0.071013,2.960331
1205,38.919211,-77.037770,38.917866,-77.023722,1.224529
1206,42.194946,-88.216760,36.152607,-86.789270,683.021892
1207,33.786755,-84.351490,36.125504,-115.164238,2808.368621
1208,40.289752,-80.007560,36.152607,-86.789270,749.675907
1209,51.603927,-3.656694,51.472438,-3.165064,37.012468
1210,40.759246,-111.863710,40.648541,-111.493620,33.537794
1211,34.043263,-86.089040,36.152607,-86.789270,243.043260
1212,43.705551,-116.363460,43.695190,-116.350182,1.570559
1213,50.732607,-1.162483,51.505060,-0.147532,111.335428
1214,54.799058,-1.672140,51.472438,-3.165064,383.051790
1215,38.544860,-122.807850,38.347174,-122.695370,24.065478
1216,37.972623,-122.338730,38.347174,-122.695370,52.027371
1217,39.793465,-121.879460,38.347174,-122.695370,175.566580
1218,38.337243,-122.300270,38.347174,-122.695370,34.475266
1219,33.794055,-84.385250,33.793083,-84.445374,5.556955
1220,37.834724,-122.283160,38.347174,-122.695370,67.440699
1221,33.437667,-86.745860,36.152607,-86.789270,301.913565
1222,43.705551,-116.363460,43.695190,-116.350182,1.570559
1223,43.705551,-116.363460,43.695190,-116.350182,1.570559
1224,48.961443,-122.737140,43.695190,-116.350182,763.248555
1225,44.854428,-116.049910,43.695190,-116.350182,131.099162
1226,51.502182,-0.239186,51.520184,-0.071013,11.809021
1227,50.840380,-1.178238,50.824845,-0.157295,71.720401
1228,51.550722,-0.473497,51.595989,-0.136335,23.838400
1229,47.610935,-122.141040,48.431202,-123.361465,128.674213
1230,42.985465,-87.899980,43.074528,-89.380771,120.768460
1231,50.815857,-1.093243,51.453746,-2.600588,126.851899
1232,37.682583,-122.482090,38.347174,-122.695370,76.224533
1233,43.641774,-116.265070,43.750744,-114.519800,140.831057
1234,51.466746,-0.074060,51.520184,-0.071013,5.945776
1235,40.680064,-111.822200,40.648541,-111.493620,27.935125
1236,38.303945,-85.767870,38.160106,-85.779555,16.026740
1237,29.153239,-81.022290,28.556902,-81.347115,73.468983
1238,35.239022,-91.737760,36.211492,-86.692496,468.039300
1239,38.404991,-122.727500,38.347174,-122.695370,7.012567
1240,38.829512,-77.082040,38.932185,-77.266278,19.612970
1241,38.544860,-122.807850,38.347174,-122.695370,24.065478
1242,25.990494,-80.273260,26.010410,-80.160080,11.526070
1243,56.555673,-2.614851,55.865867,-4.267221,127.761958
1244,29.654132,-95.543110,29.753927,-95.364053,20.547932
1245,53.159495,-2.098487,51.472438,-3.165064,201.108537
1246,51.521688,-0.029608,51.505060,-0.147532,8.367249
1247,51.531120,-0.233917,51.490867,-0.225218,4.516248
1248,43.641774,-116.265070,43.695190,-116.350182,9.063299
1249,51.553069,-0.050486,51.520184,-0.071013,3.922683
1250,38.932760,-77.167700,38.917866,-77.023722,12.564573
1251,51.593844,-2.397472,51.472438,-3.165064,54.783499
1252,37.941424,-122.366280,38.347174,-122.695370,53.514410
1253,53.415184,-2.103110,51.505060,-0.147532,250.312200
1254,51.570572,-0.298279,51.520184,-0.071013,16.684685
1255,55.865801,-4.275288,51.448002,5.454040,806.463682
1256,51.836707,-5.048139,51.595989,-0.136335,339.372897
1257,47.458821,-122.349430,47.613499,-122.297333,17.638426
1258,40.108631,-88.273300,41.949847,-87.658800,211.121244
1259,38.795668,-122.997000,38.347174,-122.695370,56.344005
1260,46.400365,-117.083130,43.695190,-116.350182,306.259306
1261,34.000578,-117.969430,33.699765,-117.917572,33.789984
1262,38.438161,-122.674190,38.347174,-122.695370,10.284301
1263,43.641774,-116.265070,43.695190,-116.350182,9.063299
1264,45.544240,-122.643530,45.513790,-122.645800,3.390500
1265,44.451941,-73.179410,51.472438,-3.165064,5068.989059
1266,51.484642,-0.198510,51.505060,-0.147532,4.196291
1267,41.953256,-87.662900,41.886456,-87.623250,8.120012
1268,52.421497,-1.930315,51.472438,-3.165064,135.268751
1269,38.440061,-122.710598,38.347174,-122.695370,10.413476
1270,51.602267,-0.185519,51.520184,-0.071013,12.081499
1271,40.785557,-96.645990,36.211492,-86.692496,1003.537082
1272,38.309105,-85.720350,38.160106,-85.779555,17.356192
1273,50.835239,-0.137624,50.824845,-0.157295,1.801241
1274,38.438161,-122.674190,38.347174,-122.695370,10.284301
1275,52.409437,-2.263464,52.387201,-1.991667,18.605808
1276,41.468451,-72.406150,36.152607,-86.789270,1376.953543
1277,33.789204,-111.963010,36.211492,-86.692496,2310.879969
1278,51.535575,0.028915,51.520184,-0.071013,7.121507
1279,51.416335,-0.128701,51.505060,-0.147532,9.951641
1280,38.460395,-77.432660,38.917866,-77.023722,62.026840
1281,53.390197,-2.131891,51.472438,-3.165064,224.448276
1282,39.825643,-75.772440,53.570557,-113.456284,3203.468974
1283,41.598255,-87.892010,41.949847,-87.658800,43.617016
1284,50.261035,-5.285400,51.472438,-3.165064,200.699412
1285,41.921126,-87.700850,41.886456,-87.623250,7.490334
1286,38.544860,-122.807850,38.347174,-122.695370,24.065478
1287,51.455038,-0.074653,51.520184,-0.071013,7.248243
1288,40.741012,-74.000120,49.279270,-123.129776,3903.843863
1289,39.385141,-104.859620,39.740118,-104.975305,40.698336
1290,51.655030,-3.806002,51.472438,-3.165064,48.734418
1291,51.434661,-0.133692,51.505060,-0.147532,7.886509
1292,40.654112,-73.609500,38.932185,-77.266278,366.380865
1293,34.027533,-84.514750,33.793083,-84.445374,26.844247
1294,40.187903,-75.080961,51.472438,-3.165064,5478.284130
1295,29.798777,-95.409510,29.753927,-95.364053,6.642206
1296,53.833095,-1.564929,51.472438,-3.165064,283.800357
1297,51.471486,-0.167381,51.505060,-0.147532,3.978133
1298,42.332099,-71.096510,42.346997,-71.102150,1.720219
1299,28.127973,-82.361230,36.211492,-86.692496,986.659658
1300,42.883214,-112.439680,43.750744,-114.519800,193.964415
1301,33.252941,-80.082970,36.161169,-86.778688,691.994165
1302,33.106582,-96.694020,36.211492,-86.692496,977.150139
1303,36.573377,-115.674671,36.088922,-115.139050,72.138450
1304,53.618371,-2.204665,51.505060,-0.147532,273.022681
1305,51.531139,-0.217336,51.505060,-0.147532,5.633615
1306,38.457611,-122.693170,38.347174,-122.695370,12.281530
1307,39.158386,-78.247580,36.211492,-86.692496,811.732602
1308,51.488561,-0.144946,51.505060,-0.147532,1.843310
1309,25.784276,-80.141260,25.786326,-80.202900,6.175808
1310,47.193770,-120.917330,48.431202,-123.361465,228.549775
1311,51.417400,-0.693444,51.472438,-3.165064,171.394529
1312,30.246309,-97.760870,30.267204,-97.742310,2.928545
1313,51.474862,-0.018292,51.549045,-0.141048,11.840991
1314,29.752528,-95.399230,29.753927,-95.364053,3.399415
1315,38.495857,-122.906360,38.347174,-122.695370,24.722165
1316,51.463294,-0.042144,51.520184,-0.071013,6.634034
1317,37.177839,-87.057610,36.152607,-86.789270,116.485805
1318,43.627734,-116.207560,43.695190,-116.350182,13.707159
1319,52.548649,-1.882511,52.480825,-1.915017,7.855861
1320,34.191106,-77.906178,51.472438,-3.165064,6102.911060
1321,35.212681,-97.486720,30.267204,-97.742310,550.430544
1322,52.502957,-1.986388,52.475756,-1.887562,7.343120
1323,43.285470,-76.001380,36.211492,-86.692496,1204.115361
1324,30.233865,-95.496790,30.267204,-97.742310,215.718594
1325,38.825710,-77.439640,38.917866,-77.023722,37.436202
1326,29.210309,-81.002590,28.556902,-81.347115,80.024949
1327,36.180806,-86.741760,36.152607,-86.789270,5.293495
1328,37.792678,-122.407930,36.125504,-115.164238,669.574288
1329,43.750744,-114.519800,43.695190,-116.350182,147.215159
1330,38.480494,-122.749760,38.347174,-122.695370,15.563486
1331,39.989135,-105.228830,40.008020,-105.276575,4.577139
1332,46.394490,-114.187110,36.211492,-86.692496,2542.894375
1333,37.786129,-122.437360,37.792778,-122.421880,1.548223
1334,34.066271,-81.024920,32.799326,-79.948130,172.713244
1335,33.511992,-112.141700,32.715329,-117.157255,475.399843
1336,51.415606,-0.064446,51.505060,-0.147532,11.492331
1337,51.578104,-0.034731,51.543051,-0.151324,8.952851
1338,26.023567,-80.238510,26.010410,-80.160080,7.972639
1339,25.895557,-80.355090,26.010410,-80.160080,23.307673
1340,38.008470,-78.478030,38.932185,-77.266278,147.233334
1341,43.208136,-71.043560,36.211492,-86.692496,1544.600764
1342,33.333591,-111.992460,32.715329,-117.157255,486.343813
1343,39.960858,-86.282520,36.171909,-115.139969,2549.714317
1344,38.552303,-90.379210,36.171909,-115.139969,2197.567739
1345,34.564734,-92.595620,36.211492,-86.692496,565.469411
1346,26.839588,-80.088240,26.010410,-80.160080,92.477445
1347,41.117337,-95.951260,36.211492,-86.692496,970.611329
1348,40.744851,-74.032940,36.125504,-115.164238,3586.079829
1349,26.145724,-80.448254,26.010410,-80.160080,32.476945
1350,34.179304,-119.221890,36.171909,-115.139969,432.067780
1351,44.397632,-79.524557,43.896889,-78.859039,76.940522
1352,35.549469,-93.818190,36.211492,-86.692496,646.043670
1353,26.150863,-80.272840,26.010410,-80.160080,19.254472
1354,33.899915,-118.162310,36.125504,-115.164238,368.462706
1355,26.062016,-80.272020,26.010410,-80.160080,12.570180
1356,27.194400,-80.846440,26.010410,-80.160080,148.287239
1357,45.946694,-112.698700,45.996957,-112.512790,15.416245
1358,32.704499,-114.646440,36.125504,-115.164238,383.350234
1359,41.945681,-87.704800,36.211492,-86.692496,643.557555
1360,41.578992,-70.561400,36.211492,-86.692496,1515.188645
1361,32.608799,-117.060700,32.716386,-117.224271,19.431308
1362,28.542132,-81.184040,36.125504,-115.164238,3283.780943
1363,33.020118,-97.007710,36.211492,-86.692496,1007.792684
1364,25.768277,-80.203390,26.010410,-80.160080,27.270355
1365,37.720931,-122.442410,36.125504,-115.164238,670.659913
1366,40.905647,-73.331140,36.211492,-86.692496,1271.856399
1367,41.275919,-82.053150,36.211492,-86.692496,691.860912
1368,38.243734,-122.693450,38.347174,-122.695370,11.503224
1369,26.409953,-80.088410,26.010410,-80.160080,44.998781
1370,38.370285,-82.694757,36.211492,-86.692496,427.356981
1371,25.702429,-80.361840,26.010410,-80.160080,39.753860
1372,39.558586,-121.589230,48.431202,-123.361465,996.646500
1373,32.766482,-117.200770,36.171909,-115.139969,423.145163
1374,40.384718,-78.665100,39.289004,-76.607175,213.810953
1375,38.117065,-122.563160,38.347174,-122.695370,28.072129
1376,33.193818,-87.568430,33.193818,-87.568430,0.000000
1377,40.407958,-74.034830,53.570557,-113.456284,3273.763812
1378,39.820708,-86.171300,36.171909,-115.139969,2559.189939
1379,42.334990,-71.045620,36.171909,-115.139969,3814.448732
1380,41.761463,-88.013340,36.211492,-86.692496,627.574922
1381,39.820708,-86.171300,36.125504,-115.164238,2562.855513
1382,31.674736,-106.197528,36.125504,-115.164238,963.610588
1383,41.167455,-73.775970,40.232713,-74.031430,106.145971
1384,34.139511,-80.887830,36.211492,-86.692496,575.562631
1385,33.581533,-117.724740,36.125504,-115.164238,366.854921
1386,36.055115,-86.647820,51.472438,-3.165064,6541.477595
1387,42.919467,-89.391593,41.588981,-93.616477,377.826904
1388,41.589701,-71.454000,36.171909,-115.139969,3788.175001
1389,33.741651,-117.821270,36.125504,-115.164238,359.035395
1390,61.203953,-149.814400,36.125504,-115.164238,3692.173291
1391,41.971044,-87.758690,36.171909,-115.139969,2438.486577
1392,32.781329,-97.400990,36.211492,-86.692496,1052.111290
1393,46.861413,-96.753670,46.861413,-96.753670,0.000000
1394,37.678531,-122.131990,36.211492,-86.692496,3134.908033
1395,28.025395,-82.775340,27.963849,-82.431930,34.404931
1396,38.904461,-77.030880,38.932185,-77.266278,20.597324
1397,37.786129,-122.437360,36.125504,-115.164238,671.912012
1398,42.348418,-71.153490,42.346997,-71.102150,4.222124
1399,36.294596,-115.246850,36.088922,-115.139050,24.831767
1400,38.457611,-122.693170,38.347174,-122.695370,12.281530
1401,36.733761,-88.634490,36.211492,-86.692496,183.095450
1402,39.712887,-82.612160,36.152607,-86.789270,539.249116
1403,40.208945,-74.052610,36.125504,-115.164238,3590.392350
1404,38.710228,-122.957040,38.347174,-122.695370,46.344583
1405,37.743381,-122.485780,36.125504,-115.164238,674.942628
1406,37.682583,-122.482090,36.125504,-115.164238,673.110527
1407,38.614088,-122.876260,38.347174,-122.695370,33.597557
1408,38.460594,-122.642200,38.347174,-122.695370,13.435832
1409,26.309757,-80.145480,36.125504,-115.164238,3482.580507
1410,38.440111,-122.745630,38.347174,-122.695370,11.224084
1411,37.743381,-122.485780,36.125504,-115.164238,674.942628
1412,34.045584,-117.753050,36.125504,-115.164238,330.087097
1413,33.906914,-118.083390,36.125504,-115.164238,362.633206
1414,51.574286,-0.291788,51.505060,-0.147532,12.601076
1415,54.952977,-1.589227,51.505060,-0.147532,395.195702
1416,53.372977,-2.894045,51.472438,-3.165064,212.127425
1417,51.449558,-0.186134,51.505060,-0.147532,6.725727
1418,51.551300,0.712069,51.505060,-0.147532,59.686703
1419,35.139327,-117.914730,35.185540,-120.725830,255.584426
1420,51.427341,-0.042717,51.505060,-0.147532,11.287250
1421,51.463963,-0.220704,51.505060,-0.147532,6.823103
1422,52.475572,-0.914897,51.505060,-0.147532,120.026271
1423,51.801264,-0.660914,51.505060,-0.147532,48.364682
1424,51.397116,0.006192,51.505060,-0.147532,16.048008
1425,50.826734,-0.129940,50.824845,-0.157295,1.932890
1426,52.183354,-2.207277,51.472438,-3.165064,102.863393
1427,50.572106,-4.105013,51.505060,-0.147532,295.463615
1428,51.531333,-0.098570,51.505060,-0.147532,4.473514
1429,51.757475,0.108486,51.505060,-0.147532,33.166548
1430,51.507664,-0.194087,51.505060,-0.147532,3.235071
1431,52.000928,-4.362989,51.472438,-3.165064,101.279240
1432,52.386526,-1.641961,51.472438,-3.165064,145.724612
1433,52.255275,-0.952599,51.505060,-0.147532,100.062004
1434,51.434674,-0.090415,51.505060,-0.147532,8.769678
1435,51.011620,-3.112642,51.520184,-0.071013,219.029572
1436,33.475936,-82.069700,36.171909,-115.139969,3018.965831
1437,51.470458,-0.052190,51.520184,-0.071013,5.680708
1438,53.090931,-1.186454,51.505060,-0.147532,189.961278
1439,39.423344,-77.389020,38.917866,-77.023722,64.426991
1440,51.558561,-0.143844,51.520184,-0.071013,6.601671
1441,51.794774,-0.211991,51.543979,-0.102095,28.898606
1442,53.117689,-2.141526,51.472438,-3.165064,195.732951
1443,51.464211,-0.186445,51.505060,-0.147532,5.281262
1444,51.833471,-0.645997,51.472438,-3.165064,178.351715
1445,40.680145,-73.962570,38.917866,-77.023722,326.750810
1446,51.364247,-0.957189,51.472438,-3.165064,153.569797
1447,44.086488,-71.138650,36.211492,-86.692496,1581.553992
1448,51.499191,-0.022798,51.505060,-0.147532,8.658400
1449,53.253365,-2.524777,36.125504,-115.164238,8157.052193
1450,51.173027,-0.166864,51.505060,-0.147532,36.944783
1451,51.809991,0.147727,51.472438,-3.165064,231.641373
1452,36.243698,-86.623080,36.152607,-86.789270,18.027149
1453,37.971622,-86.739030,36.211492,-86.692496,195.761055
1454,32.325214,-95.294670,29.425932,-98.489310,443.667135
1455,52.643288,1.299004,51.505060,-0.147532,160.594149
1456,50.845992,-0.143063,51.472438,-3.165064,221.938781
1457,51.383280,-3.339874,51.472438,-3.165064,15.657888
1458,42.332099,-71.096510,42.346997,-71.102150,1.720219
1459,34.133513,-118.664640,29.753927,-95.364053,2246.524880
1460,44.129002,-73.052580,45.496030,-73.569478,157.379365
1461,42.343080,-71.092680,42.346997,-71.102150,0.891871
1462,35.963994,-78.936020,36.211492,-86.692496,697.341449
1463,41.987238,-72.563650,49.494083,-119.606796,3681.522232
1464,32.753672,-97.087060,51.038212,-114.051483,2457.910785
1465,41.857303,-72.666540,49.494083,-119.606796,3681.254543
1466,41.857303,-72.666540,51.038212,-114.051483,3281.765793
1467,51.385573,-0.070068,51.505060,-0.147532,14.329945
1468,51.514617,-0.205918,51.505060,-0.147532,4.178041
1469,41.771265,-72.436690,51.038212,-114.051483,3302.971303
1470,32.967341,-96.986560,51.472438,-3.165064,7449.086420
1471,51.540099,-0.076285,51.520184,-0.071013,2.244301
1472,51.968103,-0.849157,52.387201,-1.991667,90.776659
1473,35.758268,-78.717830,35.591435,-82.550915,346.709441
1474,52.824410,-1.630079,51.472438,-3.165064,183.209129
1475,33.363440,-111.750930,36.211492,-86.692496,2303.656897
1476,35.716105,-78.657340,35.591435,-82.550915,352.041756
1477,51.690618,0.112843,51.472438,-3.165064,227.768151
1478,53.502771,-1.179979,51.543051,-0.151324,228.747880
1479,53.418020,-1.310152,51.543051,-0.151324,222.760078
1480,37.244426,-121.832460,51.472438,-3.165064,8492.353676
1481,51.526931,-0.102718,51.505060,-0.147532,3.940876
1482,51.186990,-1.897001,51.472438,-3.165064,93.645005
1483,52.995138,-0.430653,51.472438,-3.165064,251.649502
1484,52.882612,-1.444128,53.469422,-2.221964,83.335181
1485,51.554504,-0.084001,51.595989,-0.136335,5.861647
1486,37.766529,-122.395770,38.347174,-122.695370,69.689892
1487,55.845382,-4.129225,36.171909,-115.139969,7892.485320
1488,29.589831,-95.222510,29.753927,-95.364053,22.802369
1489,38.211511,-85.216580,36.152607,-86.789270,267.990819
1490,51.583317,0.066434,51.505060,-0.147532,17.165582
1491,45.498940,-122.687810,41.886456,-87.623250,2824.782169
1492,38.344010,-121.953330,38.347174,-122.695370,64.712818
1493,41.386584,-73.079200,36.152607,-86.789270,1321.343156
1494,51.594874,0.607724,51.505060,-0.147532,53.167988
1495,51.504021,-0.082978,51.505060,-0.147532,4.469517
1496,42.047178,-87.890580,41.949847,-87.658800,21.999570
1497,51.817108,-0.041513,51.472438,-3.165064,218.889239
1498,39.288558,-84.473830,41.886456,-87.623250,392.592232
1499,51.613222,0.007098,51.505060,-0.147532,16.090997
1500,34.208837,-118.873480,36.211492,-86.692496,2918.775564
1501,40.270926,-82.845010,36.152607,-86.789270,572.970475
1502,51.538204,-0.197017,51.520184,-0.071013,8.943796
1503,52.156318,-0.713085,51.472438,-3.165064,184.901091
1504,52.636622,-1.665000,51.472438,-3.165064,165.151719
1505,38.737493,-77.245535,51.472438,-3.165064,5724.219808
1506,36.166956,-86.668690,36.152607,-86.789270,10.942138
1507,41.017522,-81.616160,36.152607,-86.789270,703.137576
1508,51.528414,-0.074919,51.520184,-0.071013,0.954220
1509,28.561242,-81.107350,36.152607,-86.789270,998.194105
1510,51.477800,-0.643580,51.472438,-3.165064,174.625982
1511,38.243734,-122.693450,38.347174,-122.695370,11.503224
1512,28.493531,-81.326090,28.556902,-81.347115,7.339791
1513,25.559785,-80.416640,26.010410,-80.160080,56.307965
1514,37.758380,-122.484780,37.792778,-122.421880,6.722485
1515,40.700423,-80.113740,36.152607,-86.789270,770.207843
1516,51.520385,-3.172781,51.472438,-3.165064,5.358152
1517,51.486898,0.055647,51.505060,-0.147532,14.209682
1518,55.935430,-3.141269,51.472438,-3.165064,496.264559
1519,34.276154,-118.545810,36.125504,-115.164238,369.679441
1520,33.745739,-84.376400,36.171909,-115.139969,2804.749990
1521,50.806563,-3.660880,51.472438,-3.165064,81.723256
1522,51.513646,-0.118143,51.505060,-0.147532,2.246815
1523,51.514409,-0.059006,51.505060,-0.147532,6.214063
1524,37.549396,-77.457390,38.932185,-77.266278,154.662196
1525,44.602234,-93.229160,36.152607,-86.789270,1085.587425
1526,50.990228,-1.471754,51.549045,-0.141048,111.494152
1527,38.438161,-122.674190,38.347174,-122.695370,10.284301
1528,53.629221,-3.016421,51.505060,-0.147532,305.540672
1529,38.063170,-122.541110,38.347174,-122.695370,34.335997
1530,51.204369,-1.498667,51.595989,-0.136335,104.055332
1531,32.931950,-97.084980,36.152607,-86.789270,1008.054152
1532,30.056394,-95.389610,36.125504,-115.164238,1957.492050
1533,52.385334,-1.505710,51.472438,-3.165064,152.470359
1534,32.888990,-83.722040,36.211492,-86.692496,458.740081
1535,51.557783,-0.065017,51.520184,-0.071013,4.201370
1536,33.745739,-84.376400,36.171909,-115.139969,2804.749990
1537,37.743381,-122.485780,36.125504,-115.164238,674.942628
1538,51.452804,-0.320146,51.543051,-0.151324,15.403686
1539,33.879003,-84.372030,28.541879,-81.374460,658.281634
1540,37.743381,-122.485780,40.232713,-74.031430,4144.723895
1541,35.797692,-78.625265,26.010410,-80.160080,1098.054027
1542,51.514374,-0.183704,51.505060,-0.147532,2.709073
1543,37.295092,-121.896490,37.792778,-122.421880,72.167325
1544,54.546692,-3.590398,51.505060,-0.147532,409.044248
1545,43.399180,-114.258650,43.750744,-114.519800,44.393380
1546,43.399180,-114.258650,43.750744,-114.519800,44.393380
1547,25.832374,-80.278740,26.010410,-80.160080,23.081059
1548,53.600069,-3.039627,51.505060,-0.147532,304.089765
1549,52.024787,-0.521498,51.503520,-0.224147,61.468231
1550,41.940832,-87.658520,41.949847,-87.658800,1.002690
1551,50.731502,-3.555503,51.472438,-3.165064,86.781262
1552,51.545823,-0.082130,51.543051,-0.151324,4.794864
1553,35.805008,-81.241310,39.289004,-76.607175,562.866421
1554,41.816548,-87.984128,36.152607,-86.789270,638.192682
1555,51.557501,-0.171224,51.520184,-0.071013,8.078000
1556,41.969995,-87.671495,41.949847,-87.658800,2.474074
1557,41.930983,-73.882710,42.687302,-74.919456,119.750676
1558,53.341973,-1.251587,53.469422,-2.221964,65.866726
1559,53.313192,-1.530185,53.469422,-2.221964,49.051321
1560,46.812118,-96.839000,46.860864,-96.816020,5.695197
1561,41.657803,-90.086130,36.125504,-115.164238,2246.878843
1562,53.361585,-1.306376,53.469422,-2.221964,61.851788
1563,41.657803,-90.086130,36.171909,-115.139969,2242.824145
1564,50.411445,-5.087327,51.543051,-0.151324,367.682339
1565,52.873354,-0.853442,52.387201,-1.991667,93.931380
1566,26.344128,-98.180110,26.010410,-80.160080,1797.144827
1567,33.544596,-111.956450,36.211492,-86.692496,2316.966756
1568,51.991535,-4.975831,51.472438,-3.165064,137.408712
1569,51.412349,-0.810219,51.472438,-3.165064,163.339094
1570,51.554358,-0.119998,51.505060,-0.147532,5.803145
1571,51.447054,-0.124725,51.505060,-0.147532,6.640629
1572,40.129509,-75.061150,33.791515,-84.374130,1085.788609
1573,42.029330,-93.609660,41.886456,-87.623250,495.161597
1574,25.753177,-80.233270,26.010410,-80.160080,29.525346
1575,33.874137,-117.829631,36.152607,-86.789270,2826.187122
1576,53.557013,-0.632841,53.803482,-1.542174,65.860716
1577,51.453425,-0.103831,51.520184,-0.071013,7.763218
1578,51.496666,-0.216982,51.505060,-0.147532,4.897013
1579,28.069755,-82.557340,51.472438,-3.165064,6895.401476
1580,51.525048,-0.073719,51.520184,-0.071013,0.572400
1581,42.646089,-92.473000,36.211492,-86.692496,870.376105
1582,42.047178,-87.890580,41.886456,-87.623250,28.423378
1583,47.614870,-122.345780,36.125504,-115.164238,1407.660046
1584,52.328154,0.847891,51.472438,-3.165064,291.262842
1585,53.400718,-2.569860,52.387201,-1.991667,119.184700
1586,38.440111,-122.745630,38.347174,-122.695370,11.224084
1587,39.990764,-83.001170,51.472438,-3.165064,6010.902497
1588,52.088655,-2.118027,51.472438,-3.165064,99.412576
1589,30.344305,-97.763800,30.267204,-97.742310,8.817943
1590,25.941535,-80.138610,26.010410,-80.160080,7.953615
1591,41.871331,-87.812350,41.949847,-87.658800,15.416608
1592,34.164255,-118.544720,32.715329,-117.157255,206.226335
1593,51.490145,-3.172464,51.472438,-3.165064,2.034565
1594,37.770937,-122.442760,37.792778,-122.421880,3.043902
1595,53.392520,-2.032080,51.505060,-0.147532,245.661044
1596,37.770937,-122.442760,37.792778,-122.421880,3.043902
1597,40.126271,-75.523410,38.917866,-77.023722,186.045671
1598,39.712220,-105.089180,39.740118,-104.975305,10.220821
1599,34.690040,-79.188020,35.947399,-79.321320,140.334019
1600,40.745341,-73.939070,-22.964094,-43.356972,7757.378526
1601,42.818747,-88.732790,43.074528,-89.380771,59.921187
1602,51.526837,-0.125932,51.541484,-0.145308,2.109206
1603,41.921126,-87.700850,41.949847,-87.658800,4.722042
1604,52.990833,-1.313117,51.472438,-3.165064,210.729957
1605,37.914363,-88.122640,36.152607,-86.789270,228.869501
1606,51.671429,-1.343227,51.472438,-3.165064,127.835177
1607,33.759002,-84.273352,51.472438,-3.165064,6562.463478
1608,39.759386,-104.919450,40.008020,-105.276575,41.144487
1609,39.599755,-105.130520,39.740118,-104.975305,20.496054
1610,39.759386,-104.919450,39.740118,-104.975305,5.233759
1611,51.070048,-1.336685,51.505060,-0.147532,95.802952
1612,35.807458,-78.700860,35.591435,-82.550915,348.466815
1613,37.720931,-122.442410,36.125504,-115.164238,670.659913
1614,38.775716,-77.231310,38.932185,-77.266278,17.660053
1615,37.524890,-122.509910,51.472438,-3.165064,8500.071475
1616,42.381929,-71.099080,42.346997,-71.102150,3.892442
1617,51.538101,-0.041963,51.520184,-0.071013,2.829785
1618,29.773128,-96.393420,36.211492,-86.692496,1152.634535
1619,33.542118,-83.933720,43.896889,-78.859039,1232.050638
1620,38.221179,-84.554650,51.472438,-3.165064,6241.619322
1621,25.837696,-80.369470,36.125504,-115.164238,3486.760323
1622,29.584698,-98.469870,30.267204,-97.742310,103.321825
1623,37.037946,-76.344150,36.211492,-86.692496,927.587370
1624,47.610670,-122.334380,47.613499,-122.297333,2.794876
1625,35.327341,-96.935440,36.152607,-86.789270,919.894519
1626,33.547578,-84.218090,36.211492,-86.692496,372.376421
1627,43.583224,-70.352680,42.346997,-71.102150,150.380534
1628,32.742892,-117.127740,32.715329,-117.157255,4.125010
1629,53.876640,-1.909812,51.505060,-0.147532,289.197966
1630,33.195354,-117.282320,36.171909,-115.139969,384.572808
1631,37.898058,-122.541340,48.431202,-123.361465,1173.100046
1632,40.092610,-75.041180,36.171909,-115.139969,3504.405774
1633,38.098221,-122.598090,39.526160,-119.813670,288.790936
1634,47.893451,-122.197970,48.431202,-123.361465,104.985903
1635,33.799330,-86.028600,36.211492,-86.692496,274.949093
1636,33.979401,-84.151180,51.472438,-3.165064,6537.314314
1637,42.361271,-87.861870,36.152607,-86.789270,696.503347
1638,33.714889,-117.763300,36.171909,-115.139969,363.032694
1639,42.332099,-71.096510,42.346997,-71.102150,1.720219
1640,39.093408,-77.171800,38.917866,-77.023722,23.339265
1641,47.843110,-122.204570,49.031204,-122.287300,132.250921
1642,47.632870,-122.322530,49.031204,-122.287300,155.509473
1643,32.730805,-117.253850,32.715329,-117.157255,9.198608
1644,29.116361,-80.981750,28.541879,-81.374460,74.458256
1645,41.235064,-96.050730,41.124229,-96.060486,12.351261
1646,38.932760,-77.167700,38.917866,-77.023722,12.564573
1647,47.311072,-122.311880,36.171909,-115.139969,1372.683770
1648,28.683408,-81.281510,28.556902,-81.347115,15.455793
1649,39.919812,-75.158030,36.171909,-115.139969,3496.523780
1650,34.272374,-88.682200,36.211492,-86.692496,281.307857
1651,33.771755,-84.380650,33.793083,-84.445374,6.434741
1652,40.092610,-75.041180,36.171909,-115.139969,3504.405774
1653,41.880446,-87.630140,26.010410,-80.160080,1892.475085
1654,33.585037,-112.008150,32.715329,-117.157255,488.965420
1655,42.209555,-70.999680,42.935690,-70.825140,81.997679
1656,30.009609,-94.114010,29.626598,-98.754166,449.642322
1657,38.019022,-122.545890,51.472438,-3.165064,8456.276532
1658,42.678112,-73.829830,36.152607,-86.789270,1326.538325
1659,35.927901,-114.972061,36.125504,-115.164238,27.954549
1660,34.076642,-118.039420,33.699765,-117.917572,43.389904
1661,38.552303,-90.379210,36.125504,-115.164238,2200.964857
1662,30.554434,-84.259790,36.211492,-86.692496,668.287291
1663,37.748730,-122.415450,37.792778,-122.421880,4.930414
1664,35.232085,-89.852140,36.211492,-86.692496,305.299986
1665,39.731237,-104.971330,39.740118,-104.975305,1.044381
1666,38.243299,-122.606900,38.347174,-122.695370,13.893161
1667,34.134057,-118.026620,36.125504,-115.164238,341.721337
1668,32.740900,-117.244340,32.715329,-117.157255,8.628083
1669,38.480494,-122.749760,38.347174,-122.695370,15.563486
1670,47.510739,-122.183720,49.031204,-122.287300,169.241686
1671,40.867469,-124.075190,45.513790,-122.645800,529.457882
1672,42.065427,-87.936210,41.949847,-87.658800,26.277943
1673,37.592184,-122.045770,38.917866,-77.023722,3893.568246
1674,39.281289,-80.343480,39.964012,-75.147640,451.378839
1675,37.669803,-97.232890,51.472438,-3.165064,7082.903868
1676,38.254671,-85.702540,38.160106,-85.779555,12.483995
1677,34.061931,-117.319950,36.211492,-86.692496,2783.738322
1678,36.015992,-78.959110,35.947399,-79.321320,33.471978
1679,39.767536,-105.019730,39.740118,-104.975305,4.870078
1680,35.340759,-119.064970,36.125504,-115.164238,362.710511
1681,36.140974,-115.282050,36.211492,-86.692496,2556.710257
1682,34.259052,-118.594260,51.472438,-3.165064,8598.752021
1683,51.570210,-0.131725,51.505060,-0.147532,7.326373
1684,37.772329,-122.410870,37.792778,-122.421880,2.471132
1685,45.671806,-122.578940,45.513790,-122.645800,18.324550
1686,51.441044,-0.195622,51.505060,-0.147532,7.858985
1687,39.840496,-96.048330,36.211492,-86.692496,912.797974
1688,34.127819,-117.524600,33.699765,-117.917572,59.837174
1689,51.539403,-0.485518,-22.964094,-43.356972,9278.350857
1690,54.599282,-5.861433,51.505060,-0.147532,513.740540
1691,51.434575,-0.010353,51.505060,-0.147532,12.317250
1692,51.685118,-3.926520,51.472438,-3.165064,57.687061
1693,51.531783,-0.205330,51.505060,-0.147532,4.982282
1694,51.873535,-2.207969,51.472438,-3.165064,79.654441
1695,51.627191,0.433784,51.505060,-0.147532,42.413357
1696,51.448764,-0.144084,51.505060,-0.147532,6.264343
1697,51.389943,-2.361569,51.505060,-0.147532,153.960180
1698,50.974331,-1.397728,51.472438,-3.165064,134.960630
1699,51.481980,-3.196535,51.472438,-3.165064,2.424094
1700,51.599025,-0.127847,51.520184,-0.071013,9.606899
1701,48.874527,2.299405,51.505060,-0.147532,340.401092
1702,51.439114,-0.054279,51.520184,-0.071013,9.088676
1703,51.996950,0.387347,51.505060,-0.147532,65.933989
1704,34.416521,-84.108490,36.152607,-86.789270,310.579483
1705,51.629585,-3.972324,51.453746,-2.600588,96.857834
1706,57.673438,-1.931384,36.125504,-115.164238,7879.788124
1707,51.544986,-0.072719,51.520184,-0.071013,2.760446
1708,53.414459,-2.872346,51.505060,-0.147532,281.313402
1709,51.292192,-2.445370,51.472438,-3.165064,53.817108
1710,51.497562,-0.113346,51.520184,-0.071013,3.861397
1711,57.677639,-2.030687,36.125504,-115.164238,7874.858431
1712,51.694451,-2.377302,52.480825,-1.915017,92.970039
1713,51.434406,-0.102437,51.520184,-0.071013,9.783171
1714,32.753672,-97.087060,43.896889,-78.859039,2008.092228
1715,51.713348,-4.712236,51.472438,-3.165064,110.181137
1716,51.501538,-0.219270,51.505060,-0.147532,4.980761
1717,51.467719,-0.075833,51.520184,-0.071013,5.843331
1718,41.857303,-72.666540,43.896889,-78.859039,553.029858
1719,52.378248,-2.260370,52.387201,-1.991667,18.264431
1720,52.989861,-0.422531,51.472438,-3.165064,251.673467
1721,51.302284,-0.789010,51.472438,-3.165064,165.952270
1722,51.734493,-1.211464,51.595989,-0.136335,75.732547
1723,44.324736,-74.168430,45.496030,-73.569478,138.518555
1724,35.797882,-78.797020,35.947399,-79.321320,50.081344
1725,51.909305,-0.190319,51.505060,-0.147532,45.046512
1726,30.284511,-81.470430,36.211492,-86.692496,818.314321
1727,51.579481,-3.306801,51.472438,-3.165064,15.421417
1728,37.770937,-122.442760,37.792778,-122.421880,3.043902
1729,51.491676,-0.208202,51.549045,-0.141048,7.891887
1730,51.472815,-0.083970,51.505060,-0.147532,5.676590
1731,30.055195,-95.468260,30.267204,-97.742310,219.892478
1732,51.401055,0.037994,51.505060,-0.147532,17.291842
1733,42.066795,-72.510200,49.031204,-122.287300,3880.122523
1734,35.087468,-89.761500,33.793083,-84.445374,508.236168
1735,33.818304,-84.357790,33.793083,-84.445374,8.564456
1736,51.464604,-0.141792,51.520184,-0.071013,7.887102
1737,51.284168,-2.486989,51.472438,-3.165064,51.507854
1738,41.771265,-72.436690,49.031204,-122.287300,3901.434300
1739,39.296507,-76.606930,38.917866,-77.023722,55.370867
1740,53.328455,-0.935710,51.472438,-3.165064,255.841622
1741,51.781684,-2.185860,51.503282,0.003058,154.177119
1742,40.748536,-73.973484,43.641506,-79.431782,552.677694
1743,32.719601,-117.162460,32.715329,-117.157255,0.680246
1744,41.922682,-87.654320,41.949847,-87.658800,3.043256
1745,53.392928,-2.600402,51.472438,-3.165064,216.950835
1746,33.430922,-112.384820,36.211492,-86.692496,2358.598218
1747,51.594940,-0.024663,51.505060,-0.147532,13.117174
1748,34.630103,-86.801590,36.152607,-86.789270,169.298404
1749,44.101227,-123.136040,45.513790,-122.645800,161.760326
1750,36.256479,-115.161390,36.211492,-86.692496,2544.089976
1751,33.972850,-84.327750,33.793083,-84.445374,22.747803
1752,40.517304,-75.565150,39.289004,-76.607175,162.953814
1753,51.533442,-0.073736,51.520184,-0.071013,1.486229
1754,43.208136,-71.043560,36.211492,-86.692496,1544.600764
1755,26.094665,-80.179870,26.010410,-80.160080,9.575009
1756,37.786129,-122.437360,37.792778,-122.421880,1.548223
1757,52.974831,-1.305106,52.387201,-1.991667,80.071494
1758,51.133892,0.224824,51.472438,-3.165064,238.626797
1759,38.919211,-77.037770,38.917866,-77.023722,1.224529
1760,25.745549,-80.465100,36.125504,-115.164238,3483.054424
1761,40.738983,-73.792090,42.687302,-74.919456,235.983134
1762,49.505735,-117.279454,49.494083,-119.606796,168.068425
1763,41.203791,-96.178620,41.588981,-93.616477,217.957213
1764,43.627734,-116.207560,43.695190,-116.350182,13.707159
1765,42.675441,-72.046700,42.935690,-70.825140,103.770002
1766,51.495066,-0.178421,51.505060,-0.147532,2.409691
1767,51.430726,-0.095384,52.387201,-1.991667,168.015033
1768,51.807740,-2.235832,51.472438,-3.165064,74.174427
1769,51.482134,-0.099047,51.505060,-0.147532,4.214944
1770,51.515073,-0.196403,51.543979,-0.102095,7.272568
1771,42.011830,-87.841580,42.181875,-87.809560,19.091817
1772,37.770937,-122.442760,37.792778,-122.421880,3.043902
1773,53.408342,-2.625124,53.397020,-2.990063,24.225621
1774,35.054546,-80.817920,36.152607,-86.789270,553.395507
1775,51.711488,0.159906,51.503282,0.003058,25.559983
1776,53.001904,-1.267135,52.952649,-1.139291,10.161888
1777,40.146597,-74.208150,36.171909,-115.139969,3574.204264
1778,38.966340,-104.543130,51.472438,-3.165064,7410.631909
1779,42.904258,-78.655190,43.641506,-79.431782,103.311502
1780,48.943476,-122.457230,49.280659,-123.041344,56.685525
1781,39.003910,-76.880050,38.932185,-77.266278,34.330107
1782,25.702929,-80.296420,25.784276,-80.141260,17.981339
1783,51.541848,-0.139636,51.505060,-0.147532,4.126906
1784,52.361423,-2.055596,52.387201,-1.991667,5.200955
1785,50.404145,-4.107735,51.505060,-0.147532,303.153635
1786,32.761801,-117.012730,32.715329,-117.157255,14.471635
1787,29.717529,-95.428210,29.753927,-95.364053,7.399521
1788,51.020730,-0.446781,51.472438,-3.165064,195.745464
1789,33.745739,-84.376400,33.793083,-84.445374,8.268099
1790,51.381421,-0.327762,-22.964094,-43.356972,9271.632836
1791,51.516919,-0.243388,51.505060,-0.147532,6.763403
1792,43.705551,-116.363460,43.695190,-116.350182,1.570559
1793,44.973415,-93.259410,36.125504,-115.164238,2086.557242
1794,51.548613,-0.352792,51.543051,-0.151324,13.945387
1795,37.856926,-122.250840,51.472438,-3.165064,8456.716700
1796,37.770937,-122.442760,37.792778,-122.421880,3.043902
1797,51.256913,-0.543138,51.505060,-0.147532,38.924930
1798,32.781329,-97.400990,32.785326,-96.808089,55.428624
1799,44.002031,-116.911290,39.526160,-119.813670,552.757747
1800,32.846810,-116.989830,32.715329,-117.157255,21.417970
1801,38.952110,-77.020970,38.917866,-77.023722,3.815213
1802,51.601711,-0.099805,51.505060,-0.147532,11.242239
1803,51.467950,-0.208556,51.505060,-0.147532,5.905991
1804,43.072062,-87.910300,41.886456,-87.623250,133.918361
1805,42.364347,-71.104310,42.346997,-71.102150,1.937379
1806,42.469761,-75.051920,42.687302,-74.919456,26.509703
1807,51.565375,0.276402,51.505060,-0.147532,30.079412
1808,41.203791,-96.178620,41.124229,-96.060486,13.268793
1809,40.659514,-111.922260,33.699765,-117.917572,938.073577
1810,51.521597,-0.107625,51.505060,-0.147532,3.317808
1811,38.819863,-77.058540,38.932185,-77.266278,21.894747
1812,52.653644,-1.412060,51.505060,-0.147532,154.198766
1813,50.391553,-3.917523,51.472438,-3.165064,131.246229
1814,52.358291,-1.235565,51.472438,-3.165064,164.965271
1815,26.165212,-80.113790,41.949847,-87.658800,1885.800756
1816,34.481995,-88.452050,36.211492,-86.692496,249.892744
1817,51.906010,-2.107009,51.472438,-3.165064,87.427219
1818,36.084917,-87.110600,51.472438,-3.165064,6569.245669
1819,51.759007,-0.337916,51.505060,-0.147532,31.145254
1820,42.332099,-71.096510,42.346997,-71.102150,1.720219
1821,52.477866,-1.919522,51.505060,-0.147532,162.540241
1822,33.888980,-118.405350,37.792778,-122.421880,565.118225
1823,33.016928,-116.846046,32.715329,-117.157255,44.379167
1824,45.513790,-122.645800,45.513790,-122.645800,0.000000
1825,45.537040,-122.599790,45.513790,-122.645800,4.419367
1826,51.510317,-0.039509,51.472438,-3.165064,216.417856
1827,39.549752,-77.755700,38.917866,-77.023722,94.399374
1828,53.367883,-2.027177,51.505060,-0.147532,243.169830
1829,51.476754,-0.122888,51.505060,-0.147532,3.580248
1830,42.332099,-71.096510,42.346997,-71.102150,1.720219
1831,38.919211,-77.037770,38.917866,-77.023722,1.224529
1832,37.918780,-122.026180,37.792778,-122.421880,37.459251
1833,38.903697,-77.127490,38.917866,-77.023722,9.115567
1834,39.731237,-104.971330,39.740118,-104.975305,1.044381
1835,38.919211,-77.037770,38.917866,-77.023722,1.224529
1836,53.341455,-2.689194,51.505060,-0.147532,267.174395
1837,51.751345,-1.251675,51.505060,-0.147532,80.983906
1838,53.222471,-1.466714,51.505060,-0.147532,210.921955
1839,28.561242,-81.107350,28.541879,-81.374460,26.177913
1840,51.555993,-0.052115,51.505060,-0.147532,8.697139
1841,33.794055,-84.385250,33.793083,-84.445374,5.556955
1842,28.541879,-81.374460,28.556902,-81.347115,3.150301
1843,27.987925,-82.288190,27.960442,-82.460148,17.161009
1844,37.256743,-121.923120,36.125504,-115.164238,615.486690
1845,32.729758,-108.302060,40.008020,-105.276575,853.282839
1846,45.503567,-72.902820,45.496030,-73.569478,51.964521
1847,37.782029,-122.461580,37.792778,-122.421880,3.687752
1848,50.931764,-0.391101,51.549045,-0.141048,70.811241
1849,35.814572,-78.583480,35.947399,-79.321320,68.095875
1850,33.144908,-117.171280,32.715329,-117.157255,47.784914
1851,51.523558,-0.121670,51.520184,-0.071013,3.524860
1852,38.999759,-77.101850,38.932185,-77.266278,16.079468
1853,33.215454,-84.254270,33.793083,-84.445374,66.628647
1854,55.954196,-4.778481,36.171909,-115.139969,7852.853455
1855,27.847802,-82.317990,27.960442,-82.460148,18.762170
1856,35.482309,-97.534990,32.785326,-96.808089,307.259818
1857,37.856926,-122.250840,37.792778,-122.421880,16.630121
1858,43.070188,-70.776840,36.211492,-86.692496,1557.948399
1859,33.464387,-84.081540,36.211492,-86.692496,387.376775
1860,28.656375,-81.210260,36.125504,-115.164238,3276.353590
1861,37.516687,-122.290260,37.792778,-122.421880,32.813760
1862,51.486717,0.038727,51.520184,-0.071013,8.458243
1863,32.856447,-117.211430,32.715329,-117.157255,16.488586
1864,39.758986,-104.966780,39.740118,-104.975305,2.221011
1865,28.524930,-81.439940,28.556902,-81.347115,9.739414
1866,34.080035,-84.219290,33.793083,-84.445374,38.119633
1867,37.405989,-121.847750,33.699765,-117.917572,544.171564
1868,40.153024,-74.033720,40.232713,-74.031430,8.863147
1869,36.133251,-86.800570,36.152607,-86.789270,2.379482
1870,28.607077,-81.306060,28.556902,-81.347115,6.870052
1871,39.525562,-84.069230,36.211492,-86.692496,434.484627
1872,37.366744,-79.299770,36.211492,-86.692496,670.547346
1873,39.616114,-105.073930,39.740118,-104.975305,16.166809
1874,38.808884,-90.859220,38.622601,-90.261820,55.816522
1875,43.638314,-116.330590,43.695190,-116.350182,6.517738
1876,42.634199,-71.393220,42.346997,-71.102150,39.867889
1877,35.088816,-80.794309,35.591435,-82.550915,168.848035
1878,38.610901,-90.291740,38.622601,-90.261820,2.906857
1879,43.182873,-89.454080,51.472438,-3.165064,6184.084213
1880,41.922682,-87.654320,41.886456,-87.623250,4.778856
1881,43.572671,-116.295270,43.695190,-116.350182,14.322367
1882,40.079115,-82.400540,39.965131,-83.004310,52.951731
1883,33.725167,-118.005090,36.125504,-115.164238,371.872164
1884,30.024749,-95.532150,29.753927,-95.364053,34.197481
1885,43.631230,-116.287160,43.695190,-116.350182,8.733882
1886,32.742892,-117.127740,37.792778,-122.421880,738.842779
1887,28.077994,-82.449890,28.541879,-81.374460,117.236094
1888,41.900332,-87.669270,41.886456,-87.623250,4.109806
1889,35.758268,-78.717830,35.591435,-82.550915,346.709441
1890,33.666269,-117.969300,36.125504,-115.164238,374.426084
1891,31.986249,-81.202590,51.472438,-3.165064,6494.375861
1892,28.598677,-81.355940,28.556902,-81.347115,4.724443
1893,37.834724,-122.283160,37.792778,-122.421880,13.047960
1894,37.255915,-121.775360,37.792778,-122.421880,82.549007
1895,41.649867,-91.520190,41.949847,-87.658800,321.788836
1896,25.832374,-80.278740,25.786326,-80.202900,9.157133
1897,39.278056,-76.740020,39.289004,-76.607175,11.498206
1898,51.347423,1.397751,51.505060,-0.147532,108.560530
1899,51.579598,-0.127761,51.505060,-0.147532,8.400254
1900,43.449201,-76.479920,42.687302,-74.919456,152.460508
1901,53.369703,-2.585436,51.472438,-3.165064,214.594683
1902,29.022729,-81.172169,28.556902,-81.347115,54.531103
1903,29.204009,-81.036020,28.556902,-81.347115,78.070380
1904,51.433632,-0.126670,51.520184,-0.071013,10.367338
1905,51.328583,-0.252590,51.549045,-0.141048,25.704525
1906,51.468277,-0.070943,51.520184,-0.071013,5.771742
1907,50.789325,-1.073355,51.472438,-3.165064,164.532107
1908,32.785000,-117.018600,32.716386,-117.224271,20.692007
1909,51.414045,-3.418225,51.472438,-3.165064,18.708572
1910,51.533213,-0.140666,51.520184,-0.071013,5.031650
1911,51.637338,-4.075990,51.472438,-3.165064,65.593218
1912,50.953064,-2.511294,51.595989,-0.136335,180.001215
1913,51.916448,-2.580776,51.472438,-3.165064,63.712863
1914,51.480256,-0.041778,51.520184,-0.071013,4.879191
1915,53.633474,-1.716790,53.803482,-1.542174,22.121834
1916,51.512161,0.039029,51.520184,-0.071013,7.666539
1917,39.325956,-76.606020,38.932185,-77.266278,71.837403
1918,53.241772,-3.129237,51.472438,-3.165064,196.756039
1919,51.474557,-0.277372,51.520184,-0.071013,15.159276
1920,51.490937,-3.151570,51.472438,-3.165064,2.259281
1921,51.619177,-0.136446,51.472438,-3.165064,210.050978
1922,51.997609,-0.989006,51.472438,-3.165064,160.818223
1923,39.154159,-84.605270,27.963849,-82.431930,1260.377158
1924,53.668262,-1.550312,53.803482,-1.542174,15.045341
1925,51.446538,-0.216733,51.520184,-0.071013,12.995316
1926,53.407065,-2.293992,51.472438,-3.165064,223.072002
1927,40.781894,-73.950390,39.964012,-75.147640,136.223208
1928,51.647756,-0.378977,51.472438,-3.165064,193.571918
1929,38.860247,-77.096270,38.932185,-77.266278,16.746650
1930,51.454242,-0.107561,51.520184,-0.071013,7.756821
1931,30.455140,-91.063580,29.938005,-90.071950,111.305179
1932,36.480151,-85.206560,36.211492,-86.692496,136.394184
1933,29.786656,-95.122140,29.626598,-98.754166,351.221395
1934,51.559168,-0.082146,51.520184,-0.071013,4.402681
1935,53.830050,-1.588404,51.472438,-3.165064,282.890081
1936,51.545178,-0.078436,51.520184,-0.071013,2.826239
1937,36.889797,-76.142600,35.947399,-79.321320,303.097153
1938,52.030343,1.194914,51.472438,-3.165064,306.425842
1939,41.103664,-73.795800,51.472438,-3.165064,5330.120541
1940,51.608975,-3.585506,51.472438,-3.165064,32.802079
1941,51.473887,-0.016520,51.520184,-0.071013,6.382105
1942,51.214256,-0.731946,51.472438,-3.165064,171.412489
1943,52.572571,-0.258285,51.520184,-0.071013,117.718721
1944,51.641991,-3.821165,51.472438,-3.165064,49.120565
1945,37.581696,-77.517090,38.932185,-77.266278,151.755739
1946,52.252679,-0.961025,51.472438,-3.165064,174.440455
1947,33.659639,-117.739480,33.699765,-117.917572,17.072333
1948,34.098908,-118.362410,33.699765,-117.917572,60.459805
1949,52.936644,-1.116918,51.472438,-3.165064,214.430301
1950,42.454658,-88.109271,41.949847,-87.658800,67.287768
1951,41.900332,-87.669270,41.949847,-87.658800,5.573537
1952,39.891861,-90.031250,36.211492,-86.692496,502.840786
1953,33.507637,-86.741610,33.193818,-87.568430,84.353533
1954,42.009731,-87.669380,41.886456,-87.623250,14.228540
1955,55.977677,-4.558861,55.860870,-4.288154,21.288740
1956,30.011517,-90.162450,29.938005,-90.071950,11.950130
1957,38.520320,-82.721750,39.965131,-83.004310,162.487711
1958,51.413820,-0.207681,51.472438,-3.165064,205.056415
1959,29.772627,-95.403190,29.753927,-95.364053,4.312207
1960,41.940832,-87.658520,41.949847,-87.658800,1.002690
1961,43.593523,-116.199030,43.695190,-116.350182,16.604948
1962,36.133251,-86.800570,36.152607,-86.789270,2.379482
1963,52.664787,-2.433990,51.472438,-3.165064,141.685887
1964,43.583139,-116.225200,43.695190,-116.350182,16.012288
1965,35.344209,-119.022250,33.699765,-117.917572,208.988238
1966,34.068059,-117.938350,33.699765,-117.917572,40.997339
1967,37.765987,-122.427815,37.792778,-122.421880,3.024385
1968,41.919808,-88.304980,41.949847,-87.658800,53.555184
1969,51.518018,-0.183833,51.543979,-0.102095,6.348375
1970,38.997560,-76.925770,38.932185,-77.266278,30.323726
1971,51.902747,-0.446913,51.472438,-3.165064,193.376032
1972,37.792678,-122.407930,37.792778,-122.421880,1.225835
1973,51.444178,-2.579367,51.472438,-3.165064,40.700655
1974,37.758380,-122.484780,37.792778,-122.421880,6.722485
1975,35.028574,-85.159390,33.791515,-84.374130,155.274593
1976,33.024721,-96.740380,37.792778,-122.421880,2378.977807
1977,53.346862,-2.999626,51.453746,-2.600588,212.237720
1978,53.438577,-2.283296,53.469422,-2.221964,5.315525
1979,38.028543,-86.385110,38.160106,-85.779555,54.974210
1980,36.101385,-79.814250,35.591435,-82.550915,253.088927
1981,56.116745,-3.342319,53.803482,-1.542174,281.705597
1982,42.037176,-88.259220,41.886456,-87.623250,55.190188
1983,41.606939,-93.548290,41.124229,-96.060486,216.402340
1984,33.432177,-111.847010,29.938005,-90.071950,2092.622945
1985,51.516023,-0.139088,51.520184,-0.071013,4.732999
1986,56.024751,-3.905376,51.472438,-3.165064,508.521102
1987,51.579608,-0.344412,51.520184,-0.071013,20.025596
1988,56.730765,-2.663240,55.860870,-4.288154,139.307891
1989,51.751999,-1.283114,51.543051,-0.151324,81.471323
1990,28.052799,-82.611350,28.541879,-81.374460,132.749818
1991,54.805116,-1.438921,55.860870,-4.288154,215.048004
1992,32.779126,-79.935500,36.211492,-86.692496,727.117620
1993,35.730620,-86.911440,37.068970,-122.156853,3139.893332
1994,35.730620,-86.911440,38.291882,-122.457252,3149.570137
1995,38.252854,-85.751370,38.160106,-85.779555,10.603099
1996,51.558418,-0.103514,51.520184,-0.071013,4.809111
1997,40.745341,-73.939070,40.246696,-74.049049,56.221197
1998,34.281423,-85.238250,36.152607,-86.789270,251.275712
1999,42.311500,-88.968821,36.152607,-86.789270,710.028180
2000,35.899208,-78.711610,36.152607,-86.789200,726.746318